{"accuracy": 0.7643504531722054, "recall": 0.745245029751637, "precision": 0.7710724643892961, "f1": 0.7559388566868552}